"";"#CHROM";"POS";"SRR35635694";"SRR35635695";"SRR35635698";"SRR35635699";"SRR37655155";"SRR38085904";"SRR38085905";"SRR38085906";"SRR38085907";"SRR38085908"
"1";"NC_051818.1";21884439;44;44;7;53;47;46;29;21;53;36
"2";"NC_051818.1";21884440;44;44;7;53;47;46;28;21;53;36
"3";"NC_051818.1";21884441;44;44;7;53;46;47;28;21;52;36
"4";"NC_051818.1";21884442;44;44;7;54;45;47;28;21;52;36
"5";"NC_051818.1";21884443;44;45;7;54;45;46;28;21;53;36
"6";"NC_051818.1";21884444;46;46;7;54;45;45;30;21;52;36
"7";"NC_051818.1";21884445;46;46;7;50;45;45;29;21;52;38
"8";"NC_051818.1";21884446;46;46;7;49;46;43;30;23;53;38
"9";"NC_051818.1";21884447;46;46;7;49;46;43;30;24;53;38
"10";"NC_051818.1";21884448;46;46;7;49;46;42;30;24;53;37
"11";"NC_051818.1";21884449;46;46;7;49;46;41;30;24;54;38
"12";"NC_051818.1";21884450;46;46;7;52;47;42;30;23;53;38
"13";"NC_051818.1";21884451;45;46;7;51;47;42;30;23;54;38
"14";"NC_051818.1";21884452;46;46;7;51;47;42;30;23;54;38
"15";"NC_051818.1";21884453;45;46;7;53;48;41;30;24;54;38
"16";"NC_051818.1";21884454;44;45;7;54;48;40;30;24;55;36
"17";"NC_051818.1";21884455;44;45;7;54;48;40;29;24;55;36
"18";"NC_051818.1";21884456;44;45;7;54;47;40;31;25;56;37
"19";"NC_051818.1";21884457;43;45;7;53;47;40;31;25;56;36
"20";"NC_051818.1";21884458;43;45;7;53;48;40;31;25;56;35
"21";"NC_051818.1";21884459;43;44;7;53;48;40;31;25;57;35
"22";"NC_051818.1";21884460;40;45;7;53;48;40;31;23;56;35
"23";"NC_051818.1";21884461;41;46;7;52;47;40;31;23;56;35
"24";"NC_051818.1";21884462;41;46;7;52;48;39;31;23;56;35
"25";"NC_051818.1";21884463;41;47;7;51;50;39;33;23;55;35
"26";"NC_051818.1";21884464;41;47;7;51;50;40;33;23;55;36
"27";"NC_051818.1";21884465;41;46;7;52;50;41;33;23;56;37
"28";"NC_051818.1";21884466;40;46;7;52;50;40;33;22;56;38
"29";"NC_051818.1";21884467;39;46;7;52;50;39;32;22;56;36
"30";"NC_051818.1";21884468;39;46;7;52;50;39;32;22;56;36
"31";"NC_051818.1";21884469;39;46;7;52;50;39;32;22;57;37
"32";"NC_051818.1";21884470;39;47;7;53;51;39;32;22;58;37
"33";"NC_051818.1";21884471;38;47;9;52;50;39;32;22;58;38
"34";"NC_051818.1";21884472;38;47;9;52;50;37;31;22;58;38
"35";"NC_051818.1";21884473;38;47;9;52;49;37;31;22;58;38
"36";"NC_051818.1";21884474;38;46;9;52;48;39;30;22;60;38
"37";"NC_051818.1";21884475;38;46;10;53;48;39;30;22;60;39
"38";"NC_051818.1";21884476;40;47;10;51;48;39;29;22;60;39
"39";"NC_051818.1";21884477;39;47;10;53;46;39;29;22;60;39
"40";"NC_051818.1";21884478;39;47;10;53;45;39;29;22;62;39
"41";"NC_051818.1";21884479;39;47;10;52;45;39;29;22;61;39
"42";"NC_051818.1";21884480;39;47;10;52;45;39;29;22;60;38
"43";"NC_051818.1";21884481;39;47;10;51;45;40;29;22;58;38
"44";"NC_051818.1";21884482;38;46;10;51;45;39;31;22;58;38
"45";"NC_051818.1";21884483;38;48;10;52;45;39;31;23;58;38
"46";"NC_051818.1";21884484;38;49;10;52;45;38;31;23;58;39
"47";"NC_051818.1";21884485;38;49;10;52;47;38;31;23;58;39
"48";"NC_051818.1";21884486;38;49;10;52;48;41;30;23;59;39
"49";"NC_051818.1";21884487;38;49;10;52;48;41;30;24;59;39
"50";"NC_051818.1";21884488;39;52;10;52;48;41;30;24;59;39
"51";"NC_051818.1";21884489;39;52;10;51;47;41;30;24;59;39
"52";"NC_051818.1";21884490;40;52;11;51;46;42;30;24;59;37
"53";"NC_051818.1";21884491;39;52;11;54;45;42;30;24;59;38
"54";"NC_051818.1";21884492;39;52;11;54;45;43;30;24;58;37
"55";"NC_051818.1";21884493;39;53;11;54;46;42;30;24;58;37
"56";"NC_051818.1";21884494;39;53;11;54;47;42;29;23;57;37
"57";"NC_051818.1";21884495;39;53;11;54;48;44;29;22;57;36
"58";"NC_051818.1";21884496;38;53;11;54;49;44;29;22;58;36
"59";"NC_051818.1";21884497;38;52;11;54;49;45;29;22;57;37
"60";"NC_051818.1";21884498;38;51;11;54;50;44;29;22;57;36
"61";"NC_051818.1";21884499;38;51;11;54;49;44;30;22;57;37
"62";"NC_051818.1";21884500;38;51;11;54;49;44;30;22;57;37
"63";"NC_051818.1";21884501;39;51;11;56;47;44;30;23;57;37
"64";"NC_051818.1";21884502;39;52;11;56;47;44;29;23;56;35
"65";"NC_051818.1";21884503;39;52;11;56;48;44;29;24;57;35
"66";"NC_051818.1";21884504;39;53;11;56;48;44;29;24;58;35
"67";"NC_051818.1";21884505;39;52;11;56;49;44;29;24;59;35
"68";"NC_051818.1";21884506;38;52;11;55;50;44;29;24;60;35
"69";"NC_051818.1";21884507;38;52;11;55;50;44;29;25;59;35
"70";"NC_051818.1";21884508;39;52;11;55;50;44;29;25;57;35
"71";"NC_051818.1";21884509;40;52;11;54;50;44;29;26;56;35
"72";"NC_051818.1";21884510;39;52;11;54;49;44;29;26;55;35
"73";"NC_051818.1";21884511;39;52;11;54;49;44;29;26;55;35
"74";"NC_051818.1";21884512;39;52;13;54;49;44;29;25;54;34
"75";"NC_051818.1";21884513;39;52;13;54;50;43;29;25;54;34
"76";"NC_051818.1";21884514;40;52;13;52;51;43;29;25;55;36
"77";"NC_051818.1";21884515;40;52;12;52;50;44;28;25;56;38
"78";"NC_051818.1";21884516;41;52;12;52;50;46;28;25;56;38
"79";"NC_051818.1";21884517;41;51;12;52;50;46;28;25;56;38
"80";"NC_051818.1";21884518;41;50;13;51;50;45;28;25;55;37
"81";"NC_051818.1";21884519;41;50;13;51;50;45;27;25;55;38
"82";"NC_051818.1";21884520;41;50;14;51;50;41;27;25;55;38
"83";"NC_051818.1";21884521;41;48;14;51;50;42;27;25;55;37
"84";"NC_051818.1";21884522;41;48;14;51;50;42;27;24;55;37
"85";"NC_051818.1";21884523;40;48;14;51;49;43;28;24;55;38
"86";"NC_051818.1";21884524;40;47;14;51;52;43;28;23;55;37
"87";"NC_051818.1";21884525;37;47;14;52;52;44;27;23;55;37
"88";"NC_051818.1";21884526;37;48;13;52;52;45;28;23;54;37
"89";"NC_051818.1";21884527;37;46;13;52;51;45;28;23;54;37
"90";"NC_051818.1";21884528;37;46;13;52;51;45;29;23;55;36
"91";"NC_051818.1";21884529;38;45;13;52;50;46;28;22;55;35
"92";"NC_051818.1";21884530;38;45;13;54;51;48;28;21;55;35
"93";"NC_051818.1";21884531;39;46;13;55;52;47;28;21;55;35
"94";"NC_051818.1";21884532;39;46;13;55;53;47;27;21;55;33
"95";"NC_051818.1";21884533;39;46;13;55;53;46;26;21;56;33
"96";"NC_051818.1";21884534;39;48;13;54;54;46;25;21;56;33
"97";"NC_051818.1";21884535;39;47;13;54;55;46;25;21;57;33
"98";"NC_051818.1";21884536;37;47;13;54;55;46;25;21;57;32
"99";"NC_051818.1";21884537;37;49;14;54;55;46;26;21;56;32
"100";"NC_051818.1";21884538;39;50;14;55;56;46;25;20;57;32
"101";"NC_051818.1";21884539;37;50;14;56;55;47;25;18;57;32
"102";"NC_051818.1";21884540;36;49;13;56;57;47;25;18;57;33
"103";"NC_051818.1";21884541;36;51;13;56;57;47;25;19;56;35
"104";"NC_051818.1";21884542;36;51;13;56;57;47;25;19;54;34
"105";"NC_051818.1";21884543;38;51;13;56;57;47;25;19;54;33
"106";"NC_051818.1";21884544;36;52;13;56;56;47;26;19;54;33
"107";"NC_051818.1";21884545;36;52;13;56;56;46;26;19;54;33
"108";"NC_051818.1";21884546;35;52;13;51;56;47;26;20;52;32
"109";"NC_051818.1";21884547;35;52;13;51;57;46;26;21;52;32
"110";"NC_051818.1";21884548;35;52;14;51;57;46;26;21;52;32
"111";"NC_051818.1";21884549;35;52;15;51;58;47;26;21;53;32
"112";"NC_051818.1";21884550;35;51;15;51;57;47;26;21;53;32
"113";"NC_051818.1";21884551;35;51;15;50;57;47;27;21;55;32
"114";"NC_051818.1";21884552;35;51;15;49;57;48;27;21;55;32
"115";"NC_051818.1";21884553;35;50;15;49;58;48;27;21;56;31
"116";"NC_051818.1";21884554;32;49;15;49;59;47;25;21;56;31
"117";"NC_051818.1";21884555;32;48;16;50;56;46;25;21;57;31
"118";"NC_051818.1";21884556;31;48;16;50;58;45;25;22;57;31
"119";"NC_051818.1";21884557;33;48;16;49;58;45;25;22;56;31
"120";"NC_051818.1";21884558;33;48;16;48;58;46;25;23;56;31
"121";"NC_051818.1";21884559;33;48;16;48;58;46;25;23;55;31
"122";"NC_051818.1";21884560;33;47;16;48;58;46;25;23;55;29
"123";"NC_051818.1";21884561;33;46;16;48;58;46;25;23;57;29
"124";"NC_051818.1";21884562;34;46;16;48;59;46;25;23;58;29
"125";"NC_051818.1";21884563;34;45;15;48;61;47;25;23;58;29
"126";"NC_051818.1";21884564;33;45;15;48;59;47;25;23;57;29
"127";"NC_051818.1";21884565;33;44;15;48;60;47;25;23;58;30
"128";"NC_051818.1";21884566;34;43;15;48;60;47;25;23;58;30
"129";"NC_051818.1";21884567;34;42;15;46;60;47;25;22;59;30
"130";"NC_051818.1";21884568;35;40;15;46;60;48;25;22;59;30
"131";"NC_051818.1";21884569;35;43;15;45;59;48;25;22;59;30
"132";"NC_051818.1";21884570;34;43;16;44;59;46;25;22;58;30
"133";"NC_051818.1";21884571;34;43;16;44;59;46;25;22;57;31
"134";"NC_051818.1";21884572;34;42;16;39;60;46;25;22;58;32
"135";"NC_051818.1";21884573;34;42;16;39;60;46;24;22;58;32
"136";"NC_051818.1";21884574;35;42;16;41;59;46;23;22;57;32
"137";"NC_051818.1";21884575;35;42;16;41;59;47;22;21;58;31
"138";"NC_051818.1";21884576;35;42;16;41;60;47;22;19;58;31
"139";"NC_051818.1";21884577;35;42;16;40;60;46;22;19;58;31
"140";"NC_051818.1";21884578;35;43;16;40;60;46;22;19;57;31
"141";"NC_051818.1";21884579;35;43;16;38;61;48;22;19;56;31
"142";"NC_051818.1";21884580;33;43;15;38;61;49;22;19;56;31
"143";"NC_051818.1";21884581;34;42;15;38;61;49;23;19;56;31
"144";"NC_051818.1";21884582;34;42;15;38;60;50;23;21;58;31
"145";"NC_051818.1";21884583;34;42;15;36;60;51;23;21;57;32
"146";"NC_051818.1";21884584;34;42;15;36;59;51;23;21;57;33
"147";"NC_051818.1";21884585;34;42;15;36;59;51;23;21;57;33
"148";"NC_051818.1";21884586;33;43;15;36;59;52;23;21;58;33
"149";"NC_051818.1";21884587;32;43;15;34;59;52;22;21;58;33
"150";"NC_051818.1";21884588;32;43;15;34;59;52;22;23;59;33
"151";"NC_051818.1";21884589;32;42;15;34;59;52;21;23;59;33
"152";"NC_051818.1";21884590;32;42;15;35;59;53;21;24;59;32
"153";"NC_051818.1";21884591;32;42;15;35;59;53;21;24;59;32
"154";"NC_051818.1";21884592;32;42;15;35;60;52;22;25;59;32
"155";"NC_051818.1";21884593;32;41;15;34;60;53;22;25;60;32
"156";"NC_051818.1";21884594;33;40;15;36;61;53;22;25;59;32
"157";"NC_051818.1";21884595;33;39;15;39;61;54;21;25;60;32
"158";"NC_051818.1";21884596;33;40;15;39;60;55;21;25;60;30
"159";"NC_051818.1";21884597;33;39;15;39;61;55;20;24;59;30
"160";"NC_051818.1";21884598;33;39;15;39;61;55;20;22;60;30
"161";"NC_051818.1";21884599;35;39;15;39;60;55;21;22;60;30
"162";"NC_051818.1";21884600;35;39;15;39;59;55;21;22;61;29
"163";"NC_051818.1";21884601;36;39;15;36;59;54;22;22;62;29
"164";"NC_051818.1";21884602;35;39;15;37;58;54;22;22;61;29
"165";"NC_051818.1";21884603;34;38;16;35;57;55;23;22;61;29
"166";"NC_051818.1";21884604;34;38;16;33;56;55;24;22;62;29
"167";"NC_051818.1";21884605;34;38;16;32;56;56;24;23;63;29
"168";"NC_051818.1";21884606;34;38;16;32;56;56;24;23;63;29
"169";"NC_051818.1";21884607;34;38;16;32;55;55;22;22;62;29
"170";"NC_051818.1";21884608;34;38;16;32;54;54;21;24;64;29
"171";"NC_051818.1";21884609;34;38;16;32;55;54;21;24;64;29
"172";"NC_051818.1";21884610;34;38;19;32;56;54;21;25;63;29
"173";"NC_051818.1";21884611;33;37;19;31;56;55;21;25;63;30
"174";"NC_051818.1";21884612;33;37;19;31;53;56;21;26;63;30
"175";"NC_051818.1";21884613;34;36;19;31;56;56;21;26;63;30
"176";"NC_051818.1";21884614;34;36;19;31;56;56;20;26;63;30
"177";"NC_051818.1";21884615;34;36;19;30;56;55;20;26;65;29
"178";"NC_051818.1";21884616;34;35;19;30;57;54;20;26;65;28
"179";"NC_051818.1";21884617;35;35;21;30;57;55;20;25;65;27
"180";"NC_051818.1";21884618;35;35;21;31;57;55;20;25;65;27
"181";"NC_051818.1";21884619;35;36;22;31;57;55;20;25;65;27
"182";"NC_051818.1";21884620;34;35;22;31;55;56;20;25;64;26
"183";"NC_051818.1";21884621;34;35;20;31;55;57;20;25;64;28
"184";"NC_051818.1";21884622;33;36;20;31;56;58;21;25;64;27
"185";"NC_051818.1";21884623;33;37;20;35;57;58;21;26;63;27
"186";"NC_051818.1";21884624;33;38;20;37;57;58;21;26;62;27
"187";"NC_051818.1";21884625;33;38;19;41;57;56;22;26;60;27
"188";"NC_051818.1";21884626;31;39;19;41;59;56;22;26;61;26
"189";"NC_051818.1";21884627;31;41;19;41;59;56;22;26;61;27
"190";"NC_051818.1";21884628;31;41;19;39;59;57;22;26;62;27
"191";"NC_051818.1";21884629;31;41;19;39;59;57;22;26;60;27
"192";"NC_051818.1";21884630;31;41;18;39;59;57;23;26;60;27
"193";"NC_051818.1";21884631;32;41;20;39;59;58;23;26;61;27
"194";"NC_051818.1";21884632;32;41;20;39;60;57;23;27;61;27
"195";"NC_051818.1";21884633;32;39;20;40;60;57;21;27;61;27
"196";"NC_051818.1";21884634;33;41;20;39;60;57;21;26;62;27
"197";"NC_051818.1";21884635;33;41;20;39;60;57;21;26;63;27
"198";"NC_051818.1";21884636;33;41;20;39;61;58;21;27;63;27
"199";"NC_051818.1";21884637;33;41;20;39;61;57;21;27;62;27
"200";"NC_051818.1";21884638;33;38;21;39;61;57;21;26;62;27
"201";"NC_051818.1";21884639;33;38;22;39;62;57;22;27;62;27
"202";"NC_051818.1";21884640;32;38;21;39;63;57;22;28;62;27
"203";"NC_051818.1";21884641;32;38;21;39;64;56;22;28;62;25
"204";"NC_051818.1";21884642;32;38;21;36;64;55;24;28;63;24
"205";"NC_051818.1";21884643;32;37;21;36;64;54;24;28;63;24
"206";"NC_051818.1";21884644;32;37;21;36;63;54;24;28;63;24
"207";"NC_051818.1";21884645;34;37;21;36;62;53;24;28;64;25
"208";"NC_051818.1";21884646;35;37;21;36;62;51;24;29;63;25
"209";"NC_051818.1";21884647;35;37;21;36;62;51;24;30;62;26
"210";"NC_051818.1";21884648;36;37;21;36;61;50;24;30;62;27
"211";"NC_051818.1";21884649;36;37;21;36;61;50;24;31;62;27
"212";"NC_051818.1";21884650;37;38;21;36;61;50;23;31;62;26
"213";"NC_051818.1";21884651;36;39;21;37;61;50;23;31;62;26
"214";"NC_051818.1";21884652;36;38;21;35;61;51;23;30;64;26
"215";"NC_051818.1";21884653;37;38;21;35;60;51;23;31;64;26
"216";"NC_051818.1";21884654;37;38;21;35;60;51;24;30;63;26
"217";"NC_051818.1";21884655;39;38;21;35;60;51;24;30;63;26
"218";"NC_051818.1";21884656;39;38;21;35;60;51;25;30;62;27
"219";"NC_051818.1";21884657;39;38;21;35;60;51;26;31;61;27
"220";"NC_051818.1";21884658;39;39;21;35;60;51;26;30;61;27
"221";"NC_051818.1";21884659;38;39;21;35;60;51;26;30;62;27
"222";"NC_051818.1";21884660;38;39;21;36;60;52;26;29;62;27
"223";"NC_051818.1";21884661;38;40;21;40;60;52;26;30;62;27
"224";"NC_051818.1";21884662;39;40;19;40;62;53;26;30;63;27
"225";"NC_051818.1";21884663;39;40;19;40;61;53;27;30;63;27
"226";"NC_051818.1";21884664;38;40;19;40;60;53;27;30;63;27
"227";"NC_051818.1";21884665;37;40;19;40;61;56;26;30;62;25
"228";"NC_051818.1";21884666;36;40;19;40;59;55;26;30;61;24
"229";"NC_051818.1";21884667;36;41;19;40;61;53;26;30;62;25
"230";"NC_051818.1";21884668;37;42;18;40;62;53;27;30;63;25
"231";"NC_051818.1";21884669;37;42;18;40;62;53;27;30;63;25
"232";"NC_051818.1";21884670;38;42;17;40;62;53;27;30;63;25
"233";"NC_051818.1";21884671;38;42;17;40;62;54;27;30;63;25
"234";"NC_051818.1";21884672;38;42;17;40;62;53;27;30;63;25
"235";"NC_051818.1";21884673;38;42;17;42;62;55;27;30;63;25
"236";"NC_051818.1";21884674;38;42;17;42;61;55;26;30;63;25
"237";"NC_051818.1";21884675;38;41;17;43;61;55;27;30;64;25
"238";"NC_051818.1";21884676;39;39;17;43;61;55;27;30;65;25
"239";"NC_051818.1";21884677;40;39;17;43;62;54;26;30;66;26
"240";"NC_051818.1";21884678;40;39;17;45;61;53;26;30;66;26
"241";"NC_051818.1";21884679;39;39;17;45;62;53;25;31;65;26
"242";"NC_051818.1";21884680;39;39;17;43;61;52;25;31;65;26
"243";"NC_051818.1";21884681;38;39;18;43;60;50;25;31;64;26
"244";"NC_051818.1";21884682;38;39;18;39;59;50;25;31;64;27
"245";"NC_051818.1";21884683;38;40;18;39;60;50;25;30;66;28
"246";"NC_051818.1";21884684;40;41;18;39;59;50;25;30;66;28
"247";"NC_051818.1";21884685;40;41;18;39;58;50;25;30;68;29
"248";"NC_051818.1";21884686;40;41;19;42;58;50;25;30;67;30
"249";"NC_051818.1";21884687;40;39;18;42;58;51;28;30;66;30
"250";"NC_051818.1";21884688;38;37;18;41;57;51;27;30;66;30
"251";"NC_051818.1";21884689;38;38;18;41;58;51;27;30;65;30
"252";"NC_051818.1";21884690;38;38;18;40;56;50;27;31;65;30
"253";"NC_051818.1";21884691;37;36;18;42;56;50;28;31;65;29
"254";"NC_051818.1";21884692;36;36;18;42;55;52;28;30;64;29
"255";"NC_051818.1";21884693;34;36;18;42;55;53;28;30;65;29
"256";"NC_051818.1";21884694;34;35;18;42;55;53;28;30;65;29
"257";"NC_051818.1";21884695;34;36;18;42;55;53;27;30;65;30
"258";"NC_051818.1";21884696;35;37;18;43;54;53;27;30;65;30
"259";"NC_051818.1";21884697;35;38;18;43;55;52;27;29;65;30
"260";"NC_051818.1";21884698;33;38;17;44;55;52;27;28;63;29
"261";"NC_051818.1";21884699;33;37;16;44;54;53;27;29;63;29
"262";"NC_051818.1";21884700;37;38;16;44;54;51;27;29;62;29
"263";"NC_051818.1";21884701;37;39;16;44;52;52;27;30;61;30
"264";"NC_051818.1";21884702;37;39;16;44;51;53;26;30;60;30
"265";"NC_051818.1";21884703;37;39;16;44;50;52;26;31;60;31
"266";"NC_051818.1";21884704;37;39;16;44;49;52;26;31;60;31
"267";"NC_051818.1";21884705;37;40;15;44;51;53;26;33;60;32
"268";"NC_051818.1";21884706;37;40;16;42;50;53;27;33;59;32
"269";"NC_051818.1";21884707;35;41;16;42;50;54;27;32;59;32
"270";"NC_051818.1";21884708;35;41;16;42;50;54;27;34;60;33
"271";"NC_051818.1";21884709;35;41;16;42;51;53;27;33;60;33
"272";"NC_051818.1";21884710;35;42;16;42;51;53;27;33;60;33
"273";"NC_051818.1";21884711;36;42;16;42;52;53;27;33;60;33
"274";"NC_051818.1";21884712;35;42;16;42;51;53;27;33;59;34
"275";"NC_051818.1";21884713;36;44;16;42;49;53;27;33;58;34
"276";"NC_051818.1";21884714;36;44;16;42;49;52;27;33;58;34
"277";"NC_051818.1";21884715;37;44;16;44;48;52;27;33;58;33
"278";"NC_051818.1";21884716;36;45;16;44;49;52;27;33;56;35
"279";"NC_051818.1";21884717;37;46;16;44;49;53;27;34;55;35
"280";"NC_051818.1";21884718;36;46;16;43;50;54;27;34;54;35
"281";"NC_051818.1";21884719;36;44;16;42;50;54;27;35;54;35
"282";"NC_051818.1";21884720;37;44;15;42;50;55;27;35;55;36
"283";"NC_051818.1";21884721;37;45;15;42;50;56;27;35;55;36
"284";"NC_051818.1";21884722;37;45;15;44;49;55;27;35;55;35
"285";"NC_051818.1";21884723;37;46;15;44;49;55;27;35;54;34
"286";"NC_051818.1";21884724;36;46;15;42;49;55;28;35;54;34
"287";"NC_051818.1";21884725;37;46;15;42;49;55;28;36;54;35
"288";"NC_051818.1";21884726;37;46;15;42;48;54;28;36;53;35
"289";"NC_051818.1";21884727;37;46;15;43;49;54;28;36;53;35
"290";"NC_051818.1";21884728;37;45;15;43;49;56;28;37;53;37
"291";"NC_051818.1";21884729;37;46;15;43;48;57;28;38;54;37
"292";"NC_051818.1";21884730;37;46;15;43;48;55;28;38;54;37
"293";"NC_051818.1";21884731;36;48;14;43;48;54;28;39;54;37
"294";"NC_051818.1";21884732;37;48;14;43;48;54;28;39;54;37
"295";"NC_051818.1";21884733;37;47;14;44;49;53;28;37;52;37
"296";"NC_051818.1";21884734;37;47;14;44;50;52;28;37;52;37
"297";"NC_051818.1";21884735;37;49;14;44;51;52;28;37;52;36
"298";"NC_051818.1";21884736;37;48;14;44;51;52;28;38;51;36
"299";"NC_051818.1";21884737;37;48;14;44;51;51;28;38;50;36
"300";"NC_051818.1";21884738;37;47;14;44;51;52;28;38;50;36
"301";"NC_051818.1";21884739;37;47;14;44;51;52;28;36;50;36
"302";"NC_051818.1";21884740;37;47;17;44;52;51;28;36;51;36
"303";"NC_051818.1";21884741;38;47;17;43;53;50;28;35;51;37
"304";"NC_051818.1";21884742;38;48;17;43;52;50;28;35;51;37
"305";"NC_051818.1";21884743;39;48;17;43;52;50;27;34;51;38
"306";"NC_051818.1";21884744;41;48;19;45;51;51;27;34;50;38
"307";"NC_051818.1";21884745;41;48;19;45;51;53;27;34;50;38
"308";"NC_051818.1";21884746;41;47;19;42;51;53;26;34;50;38
"309";"NC_051818.1";21884747;41;47;19;42;48;52;26;34;50;37
"310";"NC_051818.1";21884748;41;47;19;42;48;52;27;35;51;38
"311";"NC_051818.1";21884749;39;48;19;44;49;52;27;35;50;38
"312";"NC_051818.1";21884750;39;48;19;44;49;53;26;35;50;38
"313";"NC_051818.1";21884751;39;48;19;45;49;53;26;35;49;38
"314";"NC_051818.1";21884752;39;48;19;45;49;53;25;36;49;38
"315";"NC_051818.1";21884753;39;50;18;44;50;54;25;37;49;39
"316";"NC_051818.1";21884754;40;50;18;44;50;53;24;37;50;39
"317";"NC_051818.1";21884755;40;50;18;44;50;54;23;36;49;39
"318";"NC_051818.1";21884756;40;52;18;44;51;53;23;35;48;39
"319";"NC_051818.1";21884757;40;53;18;44;51;53;23;36;48;40
"320";"NC_051818.1";21884758;39;53;18;44;51;53;23;36;48;39
"321";"NC_051818.1";21884759;39;54;18;44;51;53;23;34;47;39
"322";"NC_051818.1";21884760;39;53;15;45;50;53;23;34;47;39
"323";"NC_051818.1";21884761;39;53;15;45;51;54;23;33;47;39
"324";"NC_051818.1";21884762;39;53;15;45;51;53;23;33;47;38
"325";"NC_051818.1";21884763;38;53;15;45;48;52;23;32;47;38
"326";"NC_051818.1";21884764;38;53;15;45;48;53;23;33;47;38
"327";"NC_051818.1";21884765;38;51;15;45;48;53;22;33;47;38
"328";"NC_051818.1";21884766;38;51;15;47;47;55;22;33;48;38
"329";"NC_051818.1";21884767;37;51;13;47;46;55;22;33;48;38
"330";"NC_051818.1";21884768;37;51;13;47;46;54;22;33;49;38
"331";"NC_051818.1";21884769;38;50;12;46;47;54;22;33;49;38
"332";"NC_051818.1";21884770;38;51;13;46;47;54;22;34;49;38
"333";"NC_051818.1";21884771;38;51;13;46;47;53;22;34;49;38
"334";"NC_051818.1";21884772;38;50;13;46;46;52;22;34;48;37
"335";"NC_051818.1";21884773;38;49;13;47;45;51;21;34;48;37
"336";"NC_051818.1";21884774;38;48;15;41;45;51;21;33;48;37
"337";"NC_051818.1";21884775;40;48;15;41;46;52;21;33;48;38
"338";"NC_051818.1";21884776;42;45;15;38;44;52;20;33;49;38
"339";"NC_051818.1";21884777;43;45;15;38;44;52;20;33;50;38
"340";"NC_051818.1";21884778;43;45;15;38;44;52;20;33;50;37
"341";"NC_051818.1";21884779;43;46;15;38;45;52;20;33;50;37
"342";"NC_051818.1";21884780;44;47;15;38;44;52;20;33;51;37
"343";"NC_051818.1";21884781;43;47;13;38;44;52;19;33;51;37
"344";"NC_051818.1";21884782;43;48;13;39;43;51;20;33;50;38
"345";"NC_051818.1";21884783;43;48;13;40;43;51;20;33;50;38
"346";"NC_051818.1";21884784;42;49;13;43;43;51;20;33;50;38
"347";"NC_051818.1";21884785;42;51;13;41;43;51;20;33;49;38
"348";"NC_051818.1";21884786;43;51;13;41;43;51;20;33;48;37
"349";"NC_051818.1";21884787;44;51;13;41;43;50;21;33;49;38
"350";"NC_051818.1";21884788;43;52;12;41;43;48;22;35;50;38
"351";"NC_051818.1";21884789;43;52;11;41;42;48;22;35;50;38
"352";"NC_051818.1";21884790;43;52;11;41;41;48;22;34;50;38
"353";"NC_051818.1";21884791;43;52;11;41;40;49;23;33;51;38
"354";"NC_051818.1";21884792;43;52;11;41;40;50;23;33;51;38
"355";"NC_051818.1";21884793;43;52;11;41;39;50;21;33;51;38
"356";"NC_051818.1";21884794;44;52;11;41;39;51;21;33;51;37
"357";"NC_051818.1";21884795;44;53;11;41;39;52;21;34;51;37
"358";"NC_051818.1";21884796;43;53;11;41;38;52;21;34;50;38
"359";"NC_051818.1";21884797;44;54;11;41;40;53;21;33;50;38
"360";"NC_051818.1";21884798;45;56;11;41;41;53;20;32;50;37
"361";"NC_051818.1";21884799;45;56;11;42;41;53;20;32;50;36
"362";"NC_051818.1";21884800;44;55;11;42;41;53;20;31;50;36
"363";"NC_051818.1";21884801;44;54;11;43;41;53;20;31;50;36
"364";"NC_051818.1";21884802;44;54;11;42;41;53;20;31;50;36
"365";"NC_051818.1";21884803;43;54;11;42;41;53;20;31;48;36
"366";"NC_051818.1";21884804;43;53;11;42;41;53;20;30;48;36
"367";"NC_051818.1";21884805;41;53;11;42;40;53;19;30;50;37
"368";"NC_051818.1";21884806;41;53;11;42;39;54;19;32;49;38
"369";"NC_051818.1";21884807;41;53;11;42;39;53;18;33;49;37
"370";"NC_051818.1";21884808;40;52;11;42;39;53;17;32;49;38
"371";"NC_051818.1";21884809;41;52;13;43;39;53;18;32;49;38
"372";"NC_051818.1";21884810;41;52;13;43;39;53;18;32;48;38
"373";"NC_051818.1";21884811;41;51;13;42;39;53;19;33;48;39
"374";"NC_051818.1";21884812;40;51;13;38;37;54;19;32;49;39
"375";"NC_051818.1";21884813;40;51;13;38;37;54;20;32;49;39
"376";"NC_051818.1";21884814;40;51;13;38;37;54;19;33;49;39
"377";"NC_051818.1";21884815;40;51;13;38;36;54;18;34;50;39
"378";"NC_051818.1";21884816;40;52;16;38;36;51;19;35;50;39
"379";"NC_051818.1";21884817;40;54;16;41;35;51;20;35;51;38
"380";"NC_051818.1";21884818;39;53;16;41;35;51;20;35;52;37
"381";"NC_051818.1";21884819;40;53;16;41;35;52;19;35;51;37
"382";"NC_051818.1";21884820;39;54;16;42;35;52;19;36;52;37
"383";"NC_051818.1";21884821;39;54;16;42;35;52;20;36;52;36
"384";"NC_051818.1";21884822;39;54;16;42;36;51;20;36;52;37
"385";"NC_051818.1";21884823;41;54;16;41;36;51;20;36;52;38
"386";"NC_051818.1";21884824;41;54;16;41;36;49;20;36;52;38
"387";"NC_051818.1";21884825;41;54;16;41;35;48;20;36;52;37
"388";"NC_051818.1";21884826;43;54;16;38;35;49;19;36;51;38
"389";"NC_051818.1";21884827;38;54;16;38;34;48;19;37;51;38
"390";"NC_051818.1";21884828;38;54;16;39;34;48;19;37;50;37
"391";"NC_051818.1";21884829;38;55;16;39;33;49;20;37;50;37
"392";"NC_051818.1";21884830;38;56;16;39;34;49;20;37;53;37
"393";"NC_051818.1";21884831;38;56;15;39;34;50;20;37;53;37
"394";"NC_051818.1";21884832;38;56;15;39;35;50;20;37;54;37
"395";"NC_051818.1";21884833;38;55;15;39;34;50;20;38;54;36
"396";"NC_051818.1";21884834;36;52;16;39;36;50;20;38;52;35
"397";"NC_051818.1";21884835;36;53;16;39;36;53;20;38;50;36
"398";"NC_051818.1";21884836;36;53;15;39;36;53;20;40;48;35
"399";"NC_051818.1";21884837;36;53;15;36;36;54;21;40;49;34
"400";"NC_051818.1";21884838;36;53;15;40;38;53;19;40;51;34
"401";"NC_051818.1";21884839;36;52;15;40;37;53;19;40;51;34
"402";"NC_051818.1";21884840;37;52;15;40;38;53;19;40;51;35
"403";"NC_051818.1";21884841;37;50;16;40;38;53;19;39;51;35
"404";"NC_051818.1";21884842;37;51;16;38;38;53;18;40;50;35
"405";"NC_051818.1";21884843;37;52;16;38;38;51;19;40;51;35
"406";"NC_051818.1";21884844;37;52;16;38;38;51;19;40;50;35
"407";"NC_051818.1";21884845;37;51;16;38;38;51;19;40;50;35
"408";"NC_051818.1";21884846;38;50;17;38;38;51;19;40;50;34
"409";"NC_051818.1";21884847;38;49;17;37;37;51;19;40;50;34
"410";"NC_051818.1";21884848;38;49;18;38;37;51;20;40;52;35
"411";"NC_051818.1";21884849;39;49;18;37;37;54;20;41;52;35
"412";"NC_051818.1";21884850;39;49;18;37;37;53;20;41;52;36
"413";"NC_051818.1";21884851;40;48;18;37;37;53;20;41;52;36
"414";"NC_051818.1";21884852;42;48;18;37;37;53;21;41;52;35
"415";"NC_051818.1";21884853;42;50;19;37;38;53;21;41;51;35
"416";"NC_051818.1";21884854;42;50;19;37;38;53;21;41;51;34
"417";"NC_051818.1";21884855;44;49;19;37;36;53;21;41;50;34
"418";"NC_051818.1";21884856;44;49;18;37;35;52;21;39;50;33
"419";"NC_051818.1";21884857;44;48;18;37;36;54;20;39;49;34
"420";"NC_051818.1";21884858;44;51;18;37;36;54;20;39;50;34
"421";"NC_051818.1";21884859;44;51;19;37;37;54;20;37;50;33
"422";"NC_051818.1";21884860;44;50;19;37;38;54;20;37;50;33
"423";"NC_051818.1";21884861;43;48;19;37;37;56;20;37;50;33
"424";"NC_051818.1";21884862;43;48;19;37;37;56;21;38;51;33
"425";"NC_051818.1";21884863;42;46;21;37;37;57;21;38;51;33
"426";"NC_051818.1";21884864;42;46;21;37;37;58;21;38;52;33
"427";"NC_051818.1";21884865;41;46;22;37;38;58;21;38;52;33
"428";"NC_051818.1";21884866;41;47;22;35;37;57;22;38;53;33
"429";"NC_051818.1";21884867;40;47;22;35;37;56;22;38;53;30
"430";"NC_051818.1";21884868;40;48;22;35;37;55;22;37;53;29
"431";"NC_051818.1";21884869;40;48;22;35;37;54;22;38;53;30
"432";"NC_051818.1";21884870;40;48;22;35;37;54;22;37;53;30
"433";"NC_051818.1";21884871;40;47;22;35;37;53;22;38;54;29
"434";"NC_051818.1";21884872;40;47;22;35;38;52;22;38;54;29
"435";"NC_051818.1";21884873;40;46;22;33;38;52;22;38;54;30
"436";"NC_051818.1";21884874;40;46;23;33;38;51;22;38;56;30
"437";"NC_051818.1";21884875;39;46;23;33;38;51;21;39;56;30
"438";"NC_051818.1";21884876;40;46;23;33;38;52;22;38;57;29
"439";"NC_051818.1";21884877;40;47;23;33;39;52;23;38;58;31
"440";"NC_051818.1";21884878;40;47;23;32;39;53;23;38;58;31
"441";"NC_051818.1";21884879;41;46;23;32;39;51;23;37;58;30
"442";"NC_051818.1";21884880;41;46;23;33;41;50;23;37;57;30
"443";"NC_051818.1";21884881;41;46;23;33;41;50;24;38;58;30
"444";"NC_051818.1";21884882;40;46;23;33;41;49;24;37;58;30
"445";"NC_051818.1";21884883;40;46;23;33;42;49;23;37;58;31
"446";"NC_051818.1";21884884;40;46;23;33;41;50;23;39;58;31
"447";"NC_051818.1";21884885;41;44;23;33;40;50;24;40;58;30
"448";"NC_051818.1";21884886;42;45;24;33;40;51;24;41;59;30
"449";"NC_051818.1";21884887;42;47;24;33;40;51;24;41;60;30
"450";"NC_051818.1";21884888;42;48;24;33;40;51;24;42;60;30
"451";"NC_051818.1";21884889;43;48;24;33;40;50;24;42;60;31
"452";"NC_051818.1";21884890;43;49;21;33;39;50;24;42;59;31
"453";"NC_051818.1";21884891;42;49;21;33;38;50;24;42;62;31
"454";"NC_051818.1";21884892;42;46;21;33;38;50;25;42;64;30
"455";"NC_051818.1";21884893;41;48;21;37;38;51;25;42;64;31
"456";"NC_051818.1";21884894;38;48;19;36;38;51;25;43;64;31
"457";"NC_051818.1";21884895;38;48;19;36;38;49;25;43;64;31
"458";"NC_051818.1";21884896;38;48;19;36;38;47;25;44;64;31
"459";"NC_051818.1";21884897;39;50;19;37;39;46;26;45;63;32
"460";"NC_051818.1";21884898;41;50;19;37;39;46;26;46;63;32
"461";"NC_051818.1";21884899;42;49;19;35;38;46;25;45;62;31
"462";"NC_051818.1";21884900;42;49;19;35;38;47;25;46;62;32
"463";"NC_051818.1";21884901;42;49;19;35;38;46;25;46;63;32
"464";"NC_051818.1";21884902;42;49;19;34;38;46;25;46;62;32
"465";"NC_051818.1";21884903;43;50;19;34;36;46;25;45;61;34
"466";"NC_051818.1";21884904;42;50;19;34;36;46;25;45;60;33
"467";"NC_051818.1";21884905;42;50;19;37;37;46;25;45;59;33
"468";"NC_051818.1";21884906;41;48;19;37;39;45;25;46;59;33
"469";"NC_051818.1";21884907;42;47;19;37;39;46;25;46;60;33
"470";"NC_051818.1";21884908;50;52;19;41;44;48;26;47;61;32
"471";"NC_051818.1";21884909;50;51;19;47;44;48;26;47;61;32
"472";"NC_051818.1";21884910;50;52;19;46;44;48;27;47;60;33
"473";"NC_051818.1";21884911;50;52;20;46;44;49;27;47;60;33
"474";"NC_051818.1";21884912;50;52;20;46;44;48;27;47;61;33
"475";"NC_051818.1";21884913;50;52;20;46;44;48;27;48;60;33
"476";"NC_051818.1";21884914;52;52;20;49;44;48;27;48;60;33
"477";"NC_051818.1";21884915;52;52;20;49;44;47;27;47;60;33
"478";"NC_051818.1";21884916;52;52;20;47;44;47;27;47;61;33
"479";"NC_051818.1";21884917;52;52;20;47;45;45;27;47;58;34
"480";"NC_051818.1";21884918;52;52;20;46;45;45;27;47;58;34
"481";"NC_051818.1";21884919;51;52;20;46;45;45;27;47;57;34
"482";"NC_051818.1";21884920;52;52;19;46;46;45;27;47;58;34
"483";"NC_051818.1";21884921;52;57;19;47;46;45;27;47;58;34
"484";"NC_051818.1";21884922;52;57;19;47;46;46;27;48;58;34
"485";"NC_051818.1";21884923;52;57;19;46;46;46;27;48;60;33
"486";"NC_051818.1";21884924;52;61;17;46;47;46;27;49;60;33
"487";"NC_051818.1";21884925;50;61;17;46;46;46;27;49;60;33
"488";"NC_051818.1";21884926;48;61;17;47;48;46;27;49;60;32
"489";"NC_051818.1";21884927;48;63;17;50;48;46;29;49;59;32
"490";"NC_051818.1";21884928;42;59;17;44;42;44;28;48;56;32
"491";"NC_051818.1";21884929;42;58;17;44;42;44;29;48;56;33
"492";"NC_051818.1";21884930;41;57;17;44;42;43;30;48;56;33
"493";"NC_051818.1";21884931;41;57;17;44;42;43;30;48;55;34
"494";"NC_051818.1";21884932;41;56;17;44;41;43;30;48;55;34
"495";"NC_051818.1";21884933;41;57;17;42;42;44;29;49;56;34
"496";"NC_051818.1";21884934;41;56;17;42;42;45;29;48;56;35
"497";"NC_051818.1";21884935;41;55;18;38;42;46;29;48;56;35
"498";"NC_051818.1";21884936;40;56;18;38;41;46;29;48;57;35
"499";"NC_051818.1";21884937;39;56;18;38;42;47;29;48;57;35
"500";"NC_051818.1";21884938;39;55;18;38;42;47;28;47;56;34
"501";"NC_051818.1";21884939;39;55;18;38;42;47;27;45;56;35
"502";"NC_051818.1";21884940;39;56;19;38;42;47;27;46;57;35
"503";"NC_051818.1";21884941;40;57;19;38;42;47;26;46;56;35
"504";"NC_051818.1";21884942;40;57;19;38;42;48;25;46;55;35
"505";"NC_051818.1";21884943;40;57;19;42;43;47;25;46;55;35
"506";"NC_051818.1";21884944;39;57;19;42;43;48;25;46;54;35
"507";"NC_051818.1";21884945;39;58;19;42;43;47;26;46;54;35
"508";"NC_051818.1";21884946;39;58;19;42;43;46;27;45;54;35
"509";"NC_051818.1";21884947;38;59;19;42;41;46;28;45;55;33
"510";"NC_051818.1";21884948;36;57;19;42;40;45;29;45;55;33
"511";"NC_051818.1";21884949;38;58;19;42;40;45;29;45;55;35
"512";"NC_051818.1";21884950;39;58;19;41;40;45;29;45;55;35
"513";"NC_051818.1";21884951;39;58;19;41;41;45;29;45;55;35
"514";"NC_051818.1";21884952;39;58;19;40;41;45;29;46;55;35
"515";"NC_051818.1";21884953;39;58;19;41;43;46;30;46;56;35
"516";"NC_051818.1";21884954;39;58;19;41;43;46;29;46;56;36
"517";"NC_051818.1";21884955;39;58;19;41;43;46;29;46;56;36
"518";"NC_051818.1";21884956;39;58;19;41;44;47;30;48;55;35
"519";"NC_051818.1";21884957;39;59;19;41;45;46;30;46;55;34
"520";"NC_051818.1";21884958;39;59;19;41;47;46;30;45;55;34
"521";"NC_051818.1";21884959;38;59;17;42;48;46;30;45;56;33
"522";"NC_051818.1";21884960;38;59;17;42;49;46;29;46;56;33
"523";"NC_051818.1";21884961;38;59;19;42;49;46;29;47;56;33
"524";"NC_051818.1";21884962;38;61;20;42;49;45;28;46;57;32
"525";"NC_051818.1";21884963;38;61;20;42;49;45;29;47;56;32
"526";"NC_051818.1";21884964;38;61;20;44;49;44;28;47;55;32
"527";"NC_051818.1";21884965;38;61;20;44;49;45;28;46;56;32
"528";"NC_051818.1";21884966;38;60;18;45;49;45;29;45;55;32
"529";"NC_051818.1";21884967;38;58;18;43;48;45;28;44;55;32
"530";"NC_051818.1";21884968;38;58;18;42;47;46;28;45;54;32
"531";"NC_051818.1";21884969;38;58;18;42;47;46;27;45;52;34
"532";"NC_051818.1";21884970;39;57;18;43;47;45;27;45;52;34
"533";"NC_051818.1";21884971;39;57;18;42;47;45;27;44;50;35
"534";"NC_051818.1";21884972;40;57;18;42;46;45;26;44;50;35
"535";"NC_051818.1";21884973;38;57;19;42;46;45;26;44;50;34
"536";"NC_051818.1";21884974;38;57;22;41;47;45;26;44;50;34
"537";"NC_051818.1";21884975;38;57;22;42;47;45;27;44;51;34
"538";"NC_051818.1";21884976;35;57;23;43;47;45;27;44;52;34
"539";"NC_051818.1";21884977;35;57;23;43;47;44;27;44;52;35
"540";"NC_051818.1";21884978;35;57;23;43;47;44;27;43;51;35
"541";"NC_051818.1";21884979;35;56;23;42;47;44;27;43;51;35
"542";"NC_051818.1";21884980;35;55;23;42;46;43;26;44;51;35
"543";"NC_051818.1";21884981;35;54;23;42;46;43;26;43;48;36
"544";"NC_051818.1";21884982;35;55;23;42;46;42;26;44;48;36
"545";"NC_051818.1";21884983;35;55;23;42;46;42;26;45;47;37
"546";"NC_051818.1";21884984;38;55;22;42;44;42;26;44;47;37
"547";"NC_051818.1";21884985;38;56;22;44;44;42;26;44;47;37
"548";"NC_051818.1";21884986;42;56;23;44;44;40;26;44;48;36
"549";"NC_051818.1";21884987;42;56;23;44;43;41;26;42;48;36
"550";"NC_051818.1";21884988;42;58;23;44;41;40;25;42;47;36
"551";"NC_051818.1";21884989;42;58;23;40;41;41;25;42;45;38
"552";"NC_051818.1";21884990;41;59;23;40;40;41;26;42;47;38
"553";"NC_051818.1";21884991;42;59;22;40;40;41;26;44;47;37
"554";"NC_051818.1";21884992;42;58;22;40;40;43;26;44;47;37
"555";"NC_051818.1";21884993;42;57;22;40;40;43;26;43;48;37
"556";"NC_051818.1";21884994;43;57;22;41;40;43;26;43;47;38
"557";"NC_051818.1";21884995;43;58;22;41;39;43;26;42;47;38
"558";"NC_051818.1";21884996;41;59;21;41;39;44;26;42;47;39
"559";"NC_051818.1";21884997;42;59;21;41;39;45;27;42;47;39
"560";"NC_051818.1";21884998;42;59;20;42;39;45;27;42;47;39
"561";"NC_051818.1";21884999;41;59;20;41;39;45;26;42;45;39
"562";"NC_051818.1";21885000;41;60;20;41;39;43;26;41;45;39
"563";"NC_051818.1";21885001;41;61;20;41;39;43;27;40;45;38
"564";"NC_051818.1";21885002;39;63;20;41;39;43;27;41;45;39
"565";"NC_051818.1";21885003;39;61;19;41;39;42;27;40;47;39
"566";"NC_051818.1";21885004;39;61;19;41;39;41;27;40;47;39
"567";"NC_051818.1";21885005;38;61;19;41;39;41;27;40;47;39
"568";"NC_051818.1";21885006;38;62;19;41;39;41;27;40;47;39
"569";"NC_051818.1";21885007;39;62;19;41;38;41;27;40;47;39
"570";"NC_051818.1";21885008;39;60;19;41;38;40;29;40;47;38
"571";"NC_051818.1";21885009;39;60;18;41;36;39;29;40;46;38
"572";"NC_051818.1";21885010;39;60;18;41;36;39;30;40;45;38
"573";"NC_051818.1";21885011;40;61;18;41;36;40;30;40;45;39
"574";"NC_051818.1";21885012;40;61;19;41;36;38;30;40;46;39
"575";"NC_051818.1";21885013;40;61;17;41;36;38;30;40;47;39
"576";"NC_051818.1";21885014;40;61;17;41;36;38;30;40;47;38
"577";"NC_051818.1";21885015;40;61;16;41;35;37;30;40;46;38
"578";"NC_051818.1";21885016;41;60;16;41;35;36;30;40;47;38
"579";"NC_051818.1";21885017;41;60;16;41;35;37;29;40;46;38
"580";"NC_051818.1";21885018;41;59;16;41;35;37;29;40;46;38
"581";"NC_051818.1";21885019;41;60;16;41;35;37;30;40;46;38
"582";"NC_051818.1";21885020;40;61;16;42;35;37;31;39;46;37
"583";"NC_051818.1";21885021;40;61;16;43;35;37;31;39;46;37
"584";"NC_051818.1";21885022;40;62;16;43;34;37;31;38;44;38
"585";"NC_051818.1";21885023;40;62;16;43;34;38;31;39;44;38
"586";"NC_051818.1";21885024;40;63;15;43;34;39;31;40;44;39
"587";"NC_051818.1";21885025;40;63;15;43;35;40;31;40;42;39
"588";"NC_051818.1";21885026;39;63;15;43;35;40;31;39;42;39
"589";"NC_051818.1";21885027;40;62;15;43;33;39;30;39;41;40
"590";"NC_051818.1";21885028;40;63;15;43;33;39;29;39;40;38
"591";"NC_051818.1";21885029;39;63;16;43;33;38;30;39;40;38
"592";"NC_051818.1";21885030;39;63;16;42;31;38;30;40;40;38
"593";"NC_051818.1";21885031;39;61;18;42;31;38;30;39;40;38
"594";"NC_051818.1";21885032;39;61;18;43;32;40;30;38;40;39
"595";"NC_051818.1";21885033;42;62;18;44;30;40;30;38;40;40
"596";"NC_051818.1";21885034;44;62;18;44;30;40;30;40;41;39
"597";"NC_051818.1";21885035;43;62;18;43;30;39;30;39;42;39
"598";"NC_051818.1";21885036;42;61;17;43;30;39;29;39;42;39
"599";"NC_051818.1";21885037;43;59;17;43;30;38;29;39;41;40
"600";"NC_051818.1";21885038;43;58;17;45;30;39;29;38;40;40
"601";"NC_051818.1";21885039;42;58;17;46;30;39;29;37;41;40
"602";"NC_051818.1";21885040;42;57;17;46;30;39;29;39;41;39
"603";"NC_051818.1";21885041;42;57;17;42;30;39;30;40;41;39
"604";"NC_051818.1";21885042;42;57;17;42;30;40;30;40;37;39
"605";"NC_051818.1";21885043;43;55;17;42;30;40;29;40;35;39
"606";"NC_051818.1";21885044;43;55;17;38;30;39;29;40;35;38
"607";"NC_051818.1";21885045;43;55;17;37;30;41;29;40;35;37
"608";"NC_051818.1";21885046;43;55;17;40;30;42;29;40;35;37
"609";"NC_051818.1";21885047;43;53;17;40;29;43;30;39;35;37
"610";"NC_051818.1";21885048;41;55;17;39;29;43;29;38;37;36
"611";"NC_051818.1";21885049;40;55;17;39;29;43;29;37;38;37
"612";"NC_051818.1";21885050;41;55;17;39;29;43;29;38;38;37
"613";"NC_051818.1";21885051;40;57;17;39;29;42;29;37;38;36
"614";"NC_051818.1";21885052;42;57;17;39;29;42;30;37;38;37
"615";"NC_051818.1";21885053;41;59;17;39;29;42;30;38;38;37
"616";"NC_051818.1";21885054;41;60;17;39;30;42;30;38;38;36
"617";"NC_051818.1";21885055;41;60;17;37;29;42;30;37;38;36
"618";"NC_051818.1";21885056;41;58;17;37;29;42;30;37;38;38
"619";"NC_051818.1";21885057;40;57;17;37;29;42;30;36;39;38
"620";"NC_051818.1";21885058;38;57;17;37;29;42;30;37;39;38
"621";"NC_051818.1";21885059;39;57;17;34;30;42;30;36;39;38
"622";"NC_051818.1";21885060;39;58;17;33;30;43;30;36;40;39
"623";"NC_051818.1";21885061;39;58;16;33;29;43;30;36;40;39
"624";"NC_051818.1";21885062;39;58;16;33;29;42;30;38;40;39
"625";"NC_051818.1";21885063;39;58;16;33;29;43;31;38;39;39
"626";"NC_051818.1";21885064;37;58;16;33;29;43;31;37;40;39
"627";"NC_051818.1";21885065;37;58;16;30;29;43;31;37;40;39
"628";"NC_051818.1";21885066;37;58;16;30;29;43;32;37;40;39
"629";"NC_051818.1";21885067;37;58;16;30;28;43;32;37;39;39
"630";"NC_051818.1";21885068;37;58;17;30;28;43;33;38;40;38
"631";"NC_051818.1";21885069;37;58;17;30;27;44;33;38;39;38
"632";"NC_051818.1";21885070;36;57;17;30;26;44;33;38;39;38
"633";"NC_051818.1";21885071;36;52;17;29;26;44;34;38;38;38
"634";"NC_051818.1";21885072;36;52;17;29;26;45;34;37;38;38
"635";"NC_051818.1";21885073;36;52;17;29;27;44;34;36;39;38
"636";"NC_051818.1";21885074;36;52;17;29;26;44;34;36;37;38
"637";"NC_051818.1";21885075;36;51;17;29;26;44;33;35;37;39
"638";"NC_051818.1";21885076;36;52;17;29;24;44;33;36;37;39
"639";"NC_051818.1";21885077;35;50;17;28;24;43;34;36;37;39
"640";"NC_051818.1";21885078;35;50;17;24;24;44;33;36;37;39
"641";"NC_051818.1";21885079;35;52;17;25;23;44;33;36;37;39
"642";"NC_051818.1";21885080;35;52;17;25;24;44;32;37;37;39
"643";"NC_051818.1";21885081;35;52;17;25;24;44;31;37;38;39
"644";"NC_051818.1";21885082;36;52;17;25;24;44;31;37;39;38
"645";"NC_051818.1";21885083;36;52;17;25;23;44;31;38;39;38
"646";"NC_051818.1";21885084;36;51;17;25;23;43;31;38;38;37
"647";"NC_051818.1";21885085;36;50;16;25;23;43;31;38;38;36
"648";"NC_051818.1";21885086;36;49;16;26;23;42;31;38;39;36
"649";"NC_051818.1";21885087;36;48;16;26;22;42;31;38;38;36
"650";"NC_051818.1";21885088;36;48;16;26;23;41;31;38;38;36
"651";"NC_051818.1";21885089;36;49;16;26;23;42;31;38;38;36
"652";"NC_051818.1";21885090;36;48;15;26;24;42;31;38;38;36
"653";"NC_051818.1";21885091;35;47;15;26;24;42;31;37;37;36
"654";"NC_051818.1";21885092;36;47;15;26;24;42;32;37;38;36
"655";"NC_051818.1";21885093;37;47;15;26;23;40;32;38;38;36
"656";"NC_051818.1";21885094;36;48;15;26;23;40;32;39;38;36
"657";"NC_051818.1";21885095;36;47;15;26;23;39;33;39;38;36
"658";"NC_051818.1";21885096;37;47;15;26;23;39;32;39;38;36
"659";"NC_051818.1";21885097;38;46;15;26;23;39;32;39;38;36
"660";"NC_051818.1";21885098;38;49;15;26;23;39;31;39;37;36
"661";"NC_051818.1";21885099;36;48;15;26;21;39;30;39;37;37
"662";"NC_051818.1";21885100;36;48;15;26;21;39;31;39;37;35
"663";"NC_051818.1";21885101;36;49;15;26;20;39;31;39;39;35
"664";"NC_051818.1";21885102;36;49;15;26;20;39;31;40;39;35
"665";"NC_051818.1";21885103;36;49;15;26;18;39;31;40;39;37
"666";"NC_051818.1";21885104;36;49;15;25;18;39;30;40;39;37
"667";"NC_051818.1";21885105;36;49;15;25;18;38;31;42;39;37
"668";"NC_051818.1";21885106;36;49;15;27;17;38;31;42;39;37
"669";"NC_051818.1";21885107;36;48;15;27;16;37;30;41;39;37
"670";"NC_051818.1";21885108;39;49;15;27;16;37;30;41;40;37
"671";"NC_051818.1";21885109;39;50;17;27;15;37;29;41;40;37
"672";"NC_051818.1";21885110;39;50;17;25;14;37;29;41;39;37
"673";"NC_051818.1";21885111;40;50;15;25;14;38;29;40;39;38
"674";"NC_051818.1";21885112;40;49;14;25;14;38;29;39;39;38
"675";"NC_051818.1";21885113;40;49;14;25;14;38;29;39;38;38
"676";"NC_051818.1";21885114;41;49;14;25;14;37;29;38;38;38
"677";"NC_051818.1";21885115;41;50;14;26;15;38;29;38;38;38
"678";"NC_051818.1";21885116;43;50;13;27;15;37;29;38;37;39
"679";"NC_051818.1";21885117;44;51;13;26;15;37;28;38;37;39
"680";"NC_051818.1";21885118;44;51;13;26;15;38;28;38;37;39
"681";"NC_051818.1";21885119;43;51;13;26;15;37;27;37;37;39
"682";"NC_051818.1";21885120;42;51;13;26;15;37;27;37;37;37
"683";"NC_051818.1";21885121;43;51;13;27;13;37;27;36;37;36
"684";"NC_051818.1";21885122;42;51;13;27;15;37;27;37;38;36
"685";"NC_051818.1";21885123;42;51;12;27;15;38;27;37;38;36
"686";"NC_051818.1";21885124;42;51;9;26;14;38;28;37;38;36
"687";"NC_051818.1";21885125;42;51;9;26;14;38;28;37;39;35
"688";"NC_051818.1";21885126;42;51;8;25;14;38;28;37;38;35
"689";"NC_051818.1";21885127;42;51;8;28;14;38;28;37;37;36
"690";"NC_051818.1";21885128;42;52;8;28;14;39;28;38;37;35
"691";"NC_051818.1";21885129;42;52;8;28;14;39;28;38;37;35
"692";"NC_051818.1";21885130;43;52;8;29;14;39;28;39;37;35
"693";"NC_051818.1";21885131;43;53;8;29;14;39;28;38;38;35
"694";"NC_051818.1";21885132;45;53;8;29;14;39;28;38;38;34
"695";"NC_051818.1";21885133;45;53;8;29;13;40;28;37;38;34
"696";"NC_051818.1";21885134;42;53;8;29;13;41;28;36;39;34
"697";"NC_051818.1";21885135;42;53;8;28;13;41;28;37;41;34
"698";"NC_051818.1";21885136;39;53;7;28;13;41;28;37;41;34
"699";"NC_051818.1";21885137;40;52;7;30;13;39;28;37;40;35
"700";"NC_051818.1";21885138;40;49;7;30;13;39;28;38;40;36
"701";"NC_051818.1";21885139;40;50;8;30;14;38;28;39;40;36
"702";"NC_051818.1";21885140;40;49;8;32;14;38;28;39;40;34
"703";"NC_051818.1";21885141;39;49;8;32;14;40;27;39;39;34
"704";"NC_051818.1";21885142;40;49;8;32;14;40;27;37;39;34
"705";"NC_051818.1";21885143;39;49;8;32;14;38;28;37;39;34
"706";"NC_051818.1";21885144;43;49;8;32;14;38;28;37;38;34
"707";"NC_051818.1";21885145;43;48;8;31;14;38;28;38;39;33
"708";"NC_051818.1";21885146;43;47;8;31;13;37;27;38;39;33
"709";"NC_051818.1";21885147;42;48;8;31;13;36;27;39;39;32
"710";"NC_051818.1";21885148;41;49;9;31;13;35;26;39;39;32
"711";"NC_051818.1";21885149;41;49;9;30;13;35;28;40;39;33
"712";"NC_051818.1";21885150;41;47;9;31;13;36;28;40;39;33
"713";"NC_051818.1";21885151;41;49;9;31;13;35;28;40;39;33
"714";"NC_051818.1";21885152;41;48;9;31;13;35;27;40;39;33
"715";"NC_051818.1";21885153;41;48;9;31;12;36;27;39;39;33
"716";"NC_051818.1";21885154;41;48;9;31;12;37;26;39;38;34
"717";"NC_051818.1";21885155;40;49;10;30;12;37;26;39;39;35
"718";"NC_051818.1";21885156;40;48;10;31;12;37;26;39;39;36
"719";"NC_051818.1";21885157;39;48;10;32;12;37;26;40;40;36
"720";"NC_051818.1";21885158;39;47;10;33;12;37;26;40;40;37
"721";"NC_051818.1";21885159;39;47;11;33;12;36;24;40;41;37
"722";"NC_051818.1";21885160;39;47;11;33;11;35;23;40;41;37
"723";"NC_051818.1";21885161;38;46;11;33;11;35;22;42;41;37
"724";"NC_051818.1";21885162;38;46;10;33;11;34;23;42;41;36
"725";"NC_051818.1";21885163;38;47;11;35;11;34;23;42;40;36
"726";"NC_051818.1";21885164;38;48;11;35;12;34;23;42;37;36
"727";"NC_051818.1";21885165;38;48;11;36;12;33;23;42;37;36
"728";"NC_051818.1";21885166;37;49;11;36;12;33;23;43;37;36
"729";"NC_051818.1";21885167;37;50;11;36;13;33;24;43;36;37
"730";"NC_051818.1";21885168;37;50;11;36;12;32;24;43;36;37
"731";"NC_051818.1";21885169;37;49;11;37;12;32;24;43;37;37
"732";"NC_051818.1";21885170;37;48;11;36;12;32;23;43;37;37
"733";"NC_051818.1";21885171;37;48;11;35;12;32;22;43;37;37
"734";"NC_051818.1";21885172;37;47;11;35;12;32;22;43;37;37
"735";"NC_051818.1";21885173;37;49;11;35;12;32;23;43;39;37
"736";"NC_051818.1";21885174;38;49;11;35;12;32;23;42;39;37
"737";"NC_051818.1";21885175;38;49;11;35;13;32;23;41;39;35
"738";"NC_051818.1";21885176;38;49;11;35;12;31;23;41;39;35
"739";"NC_051818.1";21885177;37;49;11;35;12;31;23;42;39;36
"740";"NC_051818.1";21885178;37;48;11;34;12;31;23;42;39;35
"741";"NC_051818.1";21885179;37;48;10;35;12;31;23;42;40;35
"742";"NC_051818.1";21885180;37;48;10;35;14;31;23;42;41;36
"743";"NC_051818.1";21885181;37;48;8;37;16;32;23;42;41;35
"744";"NC_051818.1";21885182;37;49;8;37;15;32;23;42;41;35
"745";"NC_051818.1";21885183;34;49;8;36;15;30;23;42;41;34
"746";"NC_051818.1";21885184;32;49;8;36;15;30;23;42;42;33
"747";"NC_051818.1";21885185;32;50;8;36;15;30;23;40;40;34
"748";"NC_051818.1";21885186;32;50;8;37;15;30;23;39;39;35
"749";"NC_051818.1";21885187;31;50;8;37;15;30;24;39;39;36
"750";"NC_051818.1";21885188;31;51;8;35;15;30;24;38;39;35
"751";"NC_051818.1";21885189;31;53;8;35;15;29;24;39;39;35
"752";"NC_051818.1";21885190;31;53;8;34;15;29;24;39;38;35
"753";"NC_051818.1";21885191;31;53;8;38;15;29;24;37;38;36
"754";"NC_051818.1";21885192;31;53;8;38;15;29;23;36;39;36
"755";"NC_051818.1";21885193;30;53;8;37;15;29;23;37;39;36
"756";"NC_051818.1";21885194;30;53;8;37;16;29;24;37;39;36
"757";"NC_051818.1";21885195;31;53;8;37;16;30;24;37;39;36
"758";"NC_051818.1";21885196;31;53;8;40;17;29;24;35;39;37
"759";"NC_051818.1";21885197;32;54;8;37;17;28;24;35;40;37
"760";"NC_051818.1";21885198;32;52;8;37;17;27;23;35;40;37
"761";"NC_051818.1";21885199;32;52;8;37;17;27;24;35;40;37
"762";"NC_051818.1";21885200;30;53;8;37;18;28;24;35;40;36
"763";"NC_051818.1";21885201;33;51;8;38;18;28;25;35;40;36
"764";"NC_051818.1";21885202;31;52;8;38;18;28;25;35;40;36
"765";"NC_051818.1";21885203;31;49;8;38;17;28;26;35;39;37
"766";"NC_051818.1";21885204;31;49;8;38;16;28;26;35;39;38
"767";"NC_051818.1";21885205;31;49;8;37;16;28;26;35;39;37
"768";"NC_051818.1";21885206;31;49;8;37;17;27;27;36;39;37
"769";"NC_051818.1";21885207;31;48;8;37;17;27;27;36;39;35
"770";"NC_051818.1";21885208;31;47;8;37;17;28;27;37;38;36
"771";"NC_051818.1";21885209;30;47;8;37;16;27;27;37;37;36
"772";"NC_051818.1";21885210;30;46;8;37;16;27;27;39;36;36
"773";"NC_051818.1";21885211;30;46;8;37;16;26;27;39;35;35
"774";"NC_051818.1";21885212;30;48;8;37;16;26;26;39;35;34
"775";"NC_051818.1";21885213;31;48;8;37;16;26;26;37;35;35
"776";"NC_051818.1";21885214;31;48;8;38;17;25;25;37;35;35
"777";"NC_051818.1";21885215;31;48;8;38;18;25;25;37;34;35
"778";"NC_051818.1";21885216;31;48;8;38;18;25;28;38;34;36
"779";"NC_051818.1";21885217;32;50;8;38;18;25;27;38;34;36
"780";"NC_051818.1";21885218;32;50;7;38;18;25;28;39;34;36
"781";"NC_051818.1";21885219;32;50;8;38;18;26;27;38;33;36
"782";"NC_051818.1";21885220;32;51;10;38;20;25;27;38;33;36
"783";"NC_051818.1";21885221;32;51;10;38;21;25;27;39;33;36
"784";"NC_051818.1";21885222;32;51;11;38;21;25;28;39;33;37
"785";"NC_051818.1";21885223;32;51;11;38;20;24;28;39;33;38
"786";"NC_051818.1";21885224;33;52;11;38;21;24;30;39;32;38
"787";"NC_051818.1";21885225;33;52;11;38;21;24;30;39;32;38
"788";"NC_051818.1";21885226;34;51;11;38;21;24;30;39;32;37
"789";"NC_051818.1";21885227;34;51;11;43;21;24;30;38;32;37
"790";"NC_051818.1";21885228;34;51;11;43;21;25;29;41;32;37
"791";"NC_051818.1";21885229;34;50;11;45;21;25;28;41;32;37
"792";"NC_051818.1";21885230;34;50;11;45;21;26;28;41;32;37
"793";"NC_051818.1";21885231;33;50;11;45;22;25;28;40;34;36
"794";"NC_051818.1";21885232;31;50;11;45;23;25;28;40;33;36
"795";"NC_051818.1";21885233;31;49;11;45;23;25;29;40;32;36
"796";"NC_051818.1";21885234;32;49;11;45;24;26;29;40;32;35
"797";"NC_051818.1";21885235;32;49;11;43;24;26;29;39;32;34
"798";"NC_051818.1";21885236;32;49;11;43;25;26;29;39;33;34
"799";"NC_051818.1";21885237;32;50;11;43;25;29;29;39;32;34
"800";"NC_051818.1";21885238;32;50;11;43;24;29;29;40;33;34
"801";"NC_051818.1";21885239;32;49;9;43;24;29;30;40;33;34
"802";"NC_051818.1";21885240;32;49;9;43;23;30;32;41;33;35
"803";"NC_051818.1";21885241;32;52;9;43;24;30;32;41;32;34
"804";"NC_051818.1";21885242;31;52;9;43;24;31;33;41;32;34
"805";"NC_051818.1";21885243;31;52;9;44;24;31;33;42;31;34
"806";"NC_051818.1";21885244;31;52;9;44;24;32;33;41;31;34
"807";"NC_051818.1";21885245;31;51;9;44;24;32;33;42;31;34
"808";"NC_051818.1";21885246;31;51;9;44;24;33;32;41;31;34
"809";"NC_051818.1";21885247;30;51;9;44;24;33;32;42;31;34
"810";"NC_051818.1";21885248;30;48;9;44;24;33;34;42;33;34
"811";"NC_051818.1";21885249;31;48;9;44;24;35;34;42;33;34
"812";"NC_051818.1";21885250;31;49;9;44;24;34;34;42;33;34
"813";"NC_051818.1";21885251;31;48;9;44;24;34;33;42;34;34
"814";"NC_051818.1";21885252;33;48;9;44;25;34;34;42;32;34
"815";"NC_051818.1";21885253;33;48;9;46;25;34;35;41;32;34
"816";"NC_051818.1";21885254;33;48;9;46;25;34;35;40;32;32
"817";"NC_051818.1";21885255;33;48;9;47;25;34;35;40;32;32
"818";"NC_051818.1";21885256;34;48;9;47;25;34;34;38;32;31
"819";"NC_051818.1";21885257;34;48;9;45;26;34;34;38;32;31
"820";"NC_051818.1";21885258;31;47;9;45;26;34;34;37;31;31
"821";"NC_051818.1";21885259;32;45;7;45;26;34;35;37;30;31
"822";"NC_051818.1";21885260;34;44;7;45;26;36;35;37;30;31
"823";"NC_051818.1";21885261;33;44;7;45;26;38;35;37;30;34
"824";"NC_051818.1";21885262;33;43;7;45;26;37;36;37;31;33
"825";"NC_051818.1";21885263;33;43;7;45;26;37;36;37;31;33
"826";"NC_051818.1";21885264;32;44;7;42;26;38;36;37;31;33
"827";"NC_051818.1";21885265;32;43;7;42;25;38;37;37;31;34
"828";"NC_051818.1";21885266;31;44;7;41;25;37;39;37;31;34
"829";"NC_051818.1";21885267;30;44;7;42;25;37;39;37;31;33
"830";"NC_051818.1";21885268;30;44;7;42;25;38;39;37;31;33
"831";"NC_051818.1";21885269;30;44;7;42;25;37;39;37;31;33
"832";"NC_051818.1";21885270;30;44;7;42;27;37;39;37;31;34
"833";"NC_051818.1";21885271;30;44;7;42;27;37;39;38;31;35
"834";"NC_051818.1";21885272;30;44;7;43;27;37;40;38;32;36
"835";"NC_051818.1";21885273;30;44;7;45;27;37;40;38;32;37
"836";"NC_051818.1";21885274;30;44;7;45;27;36;40;38;33;38
"837";"NC_051818.1";21885275;30;44;7;43;28;36;39;38;35;38
"838";"NC_051818.1";21885276;30;45;7;45;28;36;39;39;34;38
"839";"NC_051818.1";21885277;30;45;10;45;28;36;38;39;35;39
"840";"NC_051818.1";21885278;30;45;10;45;28;36;38;39;36;38
"841";"NC_051818.1";21885279;30;46;10;45;29;35;38;38;36;37
